"id","category","name","profile-applicability","description","rationale","impact","audit","remediation","C","D","R","setting-name","expected-value","operator"
"2.3.3","app-service","Ensure 'Basic Authentication Publishing Credentials' are 'Disabled'","Level 1","Basic Authentication Publishing Credentials provides the ability to publish—or deploy to—a function app without a centralized Identity Provider. For a more effective, capable, and secure solution for Identity, Authentication, Authorization, and Accountability, a centralized Identity Provider such as Entra ID is strongly advised.","Basic Authentication introduces an identity silo for privileged access to a resource and produces logging which may not provide a full chain of accountability. This can be exploited in numerous ways and represents a significant vulnerability and attack vector. HINT: Ensure that false is returned.","Disabling 'Basic Auth Publishing Credentials' will prevent the following deployment methods from working: FTP Basic Auth Publishing Credentials: • FTP • FTPS SCM Basic Auth Publishing Credentials: • Local Git • GitHub • Azure Repos • Bitbucket • Visual Studio (Version 17.12 and earlier) If this recommendation cannot be implemented because one of the above listed deployment methods is necessary and cannot be adapted, compensating controls (e.g. using FTPS Only and disabling only ""SCM Basic Auth Publishing Credentials"") are recommended to reduce potential attack surface.","az functionapp list // az resource show --resource-group <resource-group-name> --name ftp -- namespace Microsoft.Web --resource-type basicPublishingCredentialsPolicies -- parent sites/<function-app-name> --query properties.allow // az resource show --resource-group <resource-group-name> --name scm -- namespace Microsoft.Web --resource-type basicPublishingCredentialsPolicies -- parent sites/<function-app-name> --query properties.allow","az resource update --resource-group <resource-group-name> --name ftp -- namespace Microsoft.Web --resource-type basicPublishingCredentialsPolicies -- parent sites/<function-app-name> --set properties.allow=false // az resource update --resource-group <resource-group-name> --name scm -- namespace Microsoft.Web --resource-type basicPublishingCredentialsPolicies -- parent sites/<function-app-name> --set properties.allow=false","1","0","1","properties.allow","false","custom"
"2.3.4","app-service","Ensure 'FTP state' is set to 'FTPS only' or 'Disabled'","Level 1","By default, App Service supports deployment over FTP. If FTP is essential for a deployment workflow, FTPS should be enforced for all function apps. If FTPS is not explicitly required, the recommended setting is Disabled.","FTP is an unencrypted network protocol that transmits data—including passwords—in clear text. The use of this protocol can lead to both data and credential compromise and can present opportunities for exfiltration, persistence, and lateral movement. HINT: Ensure that ""FtpsOnly"" or ""Disabled"" is returned.","Deployment workflows that rely on FTP or FTPS rather than WebDeploy or HTTPS endpoints may be affected.","az functionapp list // az functionapp show --resource-group <resource-group-name> --name <functionapp-name> --query siteConfig.ftpsState","az functionapp config set --resource-group <resource-group-name> --name <function-app-name> --ftps-state <FtpsOnly|Disabled>","1","0","1","ftpsState","FtpsOnly | Disabled","custom"
"2.3.5","app-service","Ensure 'HTTP version' is set to '2.0' (if in use)","Level 1","Periodically, newer versions are released for HTTP, either due to security flaws or to include additional functionalities. Using the latest HTTP version allows apps to take advantage of security fixes, if any, and/or new functionalities of the newer version.","Newer versions may contain security enhancements and additional functionalities. Using the latest version is recommended in order to take advantage of enhancements and new capabilities. With each software installation, organizations need to determine if a given update meets their requirements. They must also verify the compatibility and support provided for any additional software against the update revision that is selected. HTTP 2.0 has additional performance improvements for the head-of-line blocking problem of the old HTTP version, header compression, and request prioritization. HTTP 2.0 no longer supports HTTP 1.1's chunked transfer encoding mechanism, as it provides its own, more efficient mechanisms for data streaming. HINT: Ensure that true is returned.","Most modern browsers support the HTTP/2 protocol over TLS only, while non-encrypted traffic continues to use HTTP/1.1. To ensure that client browsers connect to your app with HTTP/2, either purchase an App Service Certificate for your app's custom domain or bind a third-party certificate. NOTE: HTTP/2 cannot be used in tandem with mutual authentication or client certificates","az functionapp list // az functionapp config show --resource-group <resource-group-name> --name <function-app-name> --query http20Enabled","az functionapp config set --resource-group <resource-group-name> --name <appname> --http20-enabled true","1","0","1","http20Enabled","true","eq"
"2.3.6","app-service","Ensure 'HTTPS Only' is set to 'On'","Level 1","Azure App Service allows function apps to run under both HTTP and HTTPS by default. Function apps can be accessed by anyone using non-secure HTTP links by default. Non-secure HTTP requests can be restricted and all HTTP requests redirected to the secure HTTPS port. It is recommended to enforce HTTPS-only traffic.","Enabling HTTPS-only traffic will redirect all non-secure HTTP requests to HTTPS ports. HTTPS uses the TLS/SSL protocol to provide a secure connection which is both encrypted and authenticated. It is therefore important to support HTTPS for the security benefits. HINT: Ensure that the command returns true.","When it is enabled, every incoming HTTP request is redirected to the HTTPS port. This means an extra level of security will be added to the HTTP requests made to the deployment slot.","az functionapp list // az functionapp show --resource-group <resource-group-name> --name <functionapp-name> --query ""httpsOnly""","az resource update --resource-group <resource-group-name> --name <functionapp-name> --resource-type ""Microsoft.Web/sites"" --set properties.httpsOnly=true","1","0","1","httpsOnly","true","eq"
"2.3.7","app-service","Ensure 'Minimum Inbound TLS Version' is set to '1.2' or higher","Level 1","The TLS (Transport Layer Security) protocol secures the transmission of data over the internet using standard encryption technology. Function apps use TLS 1.2 for the Minimum Inbound TLS Version by default and allow for the use of TLS versions 1.0, 1.1, and 1.3. NIST strongly suggests the use of TLS 1.2 and recommends the adoption of TLS 1.3. HINT: Ensure that ""1.2"" or higher is returned.","TLS 1.0 and 1.1 are outdated and vulnerable to security risks. Since TLS 1.2 and TLS 1.3 provide enhanced security and improved performance, it is highly recommended to use TLS 1.2 or higher whenever possible. HINT: Ensure ""TLSv1_2"" or higher is returned","Using the latest TLS version may affect compatibility with clients and backend services.","az functionapp list // az functionapp config show --resource-group <resource-group-name> --name <function-app-name> --query minTlsVersion","az functionapp config set --resource-group <resource-group-name> --name <function-app-name> --min-tls-version <1.2|1.3>","1","0","1","minTlsVersion","1.2","eq"
"2.3.8","app-service","Ensure end-to-end TLS encryption is enabled","Level 1","End-to-end (E2E) TLS encryption ensures that front-end to worker communication within function apps is encrypted using TLS. Without this feature, while incoming HTTPS requests are encrypted to the front ends, the traffic from front ends to workers running the application workloads would travel unencrypted inside Azure’s infrastructure.","E2E TLS helps ensure full encryption of traffic between: • Clients and front ends • Front ends and worker processes hosting the application. HINT: Ensure that the command returns true","Enabling end-to-end TLS encryption may introduce minimal latency and require additional configuration of certificates and HTTPS settings to ensure compatibility.","az functionapp list // az functionapp show --resource-group <resource-group-name> --name <functionapp-name> --query endToEndEncryptionEnabled","az resource update --resource-group <resource-group-name> --name <functionapp-name> --resource-type ""Microsoft.Web/sites"" --set properties.endToEndEncryptionEnabled=true","2","0","2","","TLS abilitato su backend e listener","custom"
"2.3.9","app-service","Ensure 'Remote debugging' is set to 'Off'","Level 1","Remote debugging allows a function app to be debugged in real-time directly in the Azure environment. When remote debugging is enabled, it opens a communication channel that could potentially be exploited by unauthorized users if not properly secured.","Disabling remote debugging on a function app is primarily about enhancing security. Remote debugging opens a communication channel that can be exploited by attackers. By disabling it, you reduce the number of potential entry points for unauthorized access. If remote debugging is enabled without proper access controls, it can allow unauthorized users to connect to your function app, potentially leading to data breaches or malicious code execution. During a remote debugging session, sensitive information might be exposed. Disabling remote debugging helps ensure that such data remains secure. This minimizes the use of remote access tools to reduce risk. HINT: Ensure that false is returned.","You will not be able to connect to your function app from a remote location to diagnose and fix issues in real-time. You will not be able to step through code, set breakpoints, or inspect variables and the call stack while the function app is running on the server. Remote debugging is particularly useful for diagnosing issues that only occur in the production environment. Without it, you will need to rely on logs and other diagnostic tools.","az functionapp list // az functionapp show --resource-group <resource-group-name> --name <functionapp-name> --query siteConfig.remoteDebuggingEnabled","az functionapp config set --resource-group <resource-group-name> --name <function-app-name> --remote-debugging-enabled false","1","0","1","remoteDebuggingEnabled","false","eq"
"2.3.10","app-service","Ensure incoming client certificates are enabled and required (if in use)","Level 2","Client certificates allow for the function app to request a certificate for incoming requests. Only clients that have a valid certificate will be able to reach the app.","The TLS mutual authentication technique in enterprise environments ensures the authenticity of clients to the server. If incoming client certificates are enabled, then only an authenticated client with valid certificates can access the app. HINT: Ensure that [true,""Required""] is returned.","Utilizing and maintaining client certificates will require additional work to obtain and manage replacement and key rotation.","az functionapp list // az functionapp show --resource-group <resource-group-name> --name <functionapp-name> --query ""[clientCertEnabled, clientCertMode]""","az resource update --resource-group <resource-group-name> --name <functionapp-name> --resource-type ""Microsoft.Web/sites"" --set properties.clientCertEnabled=true --set properties.clientCertMode=Required","1","0","1","clientCertEnabled","true","eq"
"2.3.11","app-service","Ensure 'App Service authentication' is set to 'Enabled'","Level 2","App Service authentication can prevent anonymous HTTP requests from reaching an app, or authenticate those with tokens before they reach the app. If an anonymous request is received from a browser, App Service will redirect to a login page. To handle the login process, a choice from a set of identity providers can be made, or a custom authentication mechanism can be implemented.","By enabling authentication, every incoming HTTP request passes through it before being handled by the application code. It also handles authentication of users with the specified provider (Entra ID, Facebook, Google, Microsoft Account, and Twitter), validation, storage and refreshing of tokens, managing the authenticated sessions, and injecting identity information into request headers. HINT: Ensure that true is returned.","This is only required for apps that require authentication. Enabling it on a site like a marketing or support website will prevent unauthenticated access, which would be undesirable. Adding an authentication requirement will increase costs and require additional security components to facilitate the authentication.","az functionapp list // az webapp auth show --resource-group <resource-group-name> --name <functionapp-name> --query enabled","az webapp auth update --resource-group <resource-group-name> --name <function-app-name> --enabled true","2","0","1","auth.enabled","true","eq"
"2.3.12","app-service","Ensure managed identities are configured","Level 1","Managed identities from Microsoft Entra ID allow function apps to securely access other Azure services without the need to provision or rotate any secrets.","Using managed identities with function apps eliminates the need to store and manage credentials to access Azure resources. HINT: Ensure that type is set to SystemAssigned, UserAssigned, or both.","Minor administrative overhead to configure and manage role assignments for managed identities","az functionapp list // az functionapp show --resource-group <resource-group-name> --name <functionapp-name> --query ""identity""","az functionapp identity assign --resource-group <resource-group-name> --name <function-app-name>","1","0","2","identity.type","SystemAssigned | UserAssigned","custom"
"2.3.13","app-service","Ensure public network access is disabled","Level 1","Disable public network access to prevent exposure to the internet and reduce the risk of unauthorized access. Use private endpoints to securely manage access within trusted networks.","Disabling public network access improves security by ensuring that the service is not directly exposed to the public Internet. This has the added benefit of providing more granular control over security settings and configurations for those additional layers of separation. HINT: Ensure that the command returns ""Disabled"".","NOTE: Prior to disabling public network access, it is strongly recommended that, for each function app, either: • complete virtual network integration as described in ""Ensure app is integrated with a virtual network"" OR • set up private endpoints/links as described in ""Ensure private endpoints are used to access App Service apps."" Disabling public network access restricts direct access to the service. This enhances security but will require the configuration of a virtual network and/or private endpoints for any services or users needing access within trusted networks.","az functionapp list // az functionapp show --resource-group <resource-group-name> --name <functionapp-name> --query ""publicNetworkAccess""","az resource update --resource-group <resource-group-name> --name <functionapp-name> --resource-type ""Microsoft.Web/sites"" --set properties.publicNetworkAccess=Disabled","2","1","2","publicNetworkAccess","Disabled","eq"
"2.3.14","app-service","Ensure function app is integrated with a virtual network","Level 1","Integrate function apps with a virtual network to enable access to resources in or through a non-internet-routable virtual network. This recommendation does not apply to function apps created on the consumption hosting plan, which does not support virtual networking.","Integrate function apps with a virtual network for increased security and control. HINT: Ensure that a virtual network subnet ID is returned.","Additional configuration may be required to ensure that traffic is routed properly.","az functionapp list // az functionapp show --resource-group <resource-group-name> --name <functionapp-name> --query ""virtualNetworkSubnetId""","az functionapp vnet-integration add --resource-group <resource-group-name> -- name <function-app-name> --vnet <virtual-network-name> --subnet <subnet-name>","2","1","2","virtualNetworkSubnetId","","notempty"
"2.3.15","app-service","Ensure configuration is routed through the virtual network integration","Level 2","By default, configuration traffic for function apps goes directly over the public route. Container image pulls and content sharing can be routed through the virtual network integration. This recommendation should be applied after integrating a function app with a virtual network.","Route container image pulls and content sharing through a virtual network integration for increased security and control. HINT: Ensure that [true,true] is returned.","Additional configuration may be required to ensure that traffic is routed properly.","az functionapp list // az functionapp show --resource-group <resource-group-name> --name <functionapp-name> --query ""[vnetImagePullEnabled,vnetContentShareEnabled]""","az resource update --resource-group <resource-group-name> --name <functionapp-name> --resource-type ""Microsoft.Web/sites"" --set properties.vnetImagePullEnabled=true --set properties.vnetContentShareEnabled=true","2","1","2","vnetRouteAllEnabled","true","eq"
"2.3.16","app-service","Ensure all traffic is routed through the virtual network","Level 1","Enable vnetRouteAllEnabled to ensure all outbound traffic is routed through the integrated virtual network. This recommendation should be applied after integrating a function app with a virtual network.","Routing all outbound traffic through the virtual network enhances security. HINT: Ensure that true is returned.","Additional configuration may be required to ensure that traffic is routed properly.","az functionapp list // az functionapp show --resource-group <resource-group-name> --name <app-name> --query vnetRouteAllEnabled","az resource update --resource-group <resource-group-name> --name <functionapp-name> --resource-type ""Microsoft.Web/sites"" --set properties.vnetRouteAllEnabled=true","3","2","3","","Tutto il traffico egress instradato via VNet","custom"
"2.3.17","app-service","Ensure cross-origin resource sharing does not allow all origins","Level 2","Cross-origin resource sharing (CORS) is a security feature that controls how applications interact with resources hosted on different domains.","Restrict CORS to only trusted origins to help enforce proper access control and reduce exposure to malicious cross-origin requests. HINT: Ensure that the response does not include *.","Configuration is required to ensure that the appropriate origins have access. Setting up a proper CORS policy can be fairly complex and an incorrect setting could permit Cross-Site Request Forgery (CSRF). The ""caveat"" is that if the app being deployed is a PUBLIC API, a wildcard ""*"" CORS policy is absolutely necessary","az functionapp list // az functionapp show --resource-group <resource-group-name> --name <functionapp-name> --query siteConfig.cors.allowedOrigins","az functionapp cors remove --resource-group <resource-group-name> --name <function-app-name> --allowed-origins ""*"" // az functionapp cors add --resource-group <resource-group-name> --name <function-app-name> --allowed-origins <allowed-origins>","1","0","1","cors.allowedOrigins","Non contiene *","custom"
"6.1.1.1","management-and-governance-services","Ensure that a 'Diagnostic Setting' exists for Subscription Activity Logs","Level 1","Enable Diagnostic settings for exporting activity logs. Diagnostic settings are available for each individual resource within a subscription. Settings should be configured for all appropriate resources for your environment.","A diagnostic setting controls how a diagnostic log is exported. By default, logs are retained only for 90 days. Diagnostic settings should be defined so that logs can be exported and stored for a longer duration to analyze security activities within an Azure subscription.","-","az monitor diagnostic-settings subscription list --subscription <subscription-id>","az monitor diagnostic-settings subscription create --subscription <subscription id> --name <diagnostic settings name> --location <location> <[- -event-hub <event hub ID> --event-hub-auth-rule <event hub auth rule ID>] [-- storage-account <storage account ID>] [--workspace <log analytics workspace ID>] --logs ""<JSON encoded categories>"" (e.g. [{category:Security,enabled:true},{category:Administrative,enabled:true},{cat egory:Alert,enabled:true},{category:Policy,enabled:true}])","2","0","1","","Almeno 1 Diagnostic Setting attivo","custom"
"6.1.1.2","management-and-governance-services","Ensure Diagnostic Setting captures appropriate categories","Level 1","-","A diagnostic setting controls how the diagnostic log is exported. Capturing the diagnostic setting categories for appropriate control/management plane activities allows proper alerting.  HINT: Ensure the categories 'Administrative', 'Alert', 'Policy', and 'Security' set to: 'enabled: true'","-","az monitor diagnostic-settings subscription list --subscription <subscription ID>","az monitor diagnostic-settings subscription create --subscription <subscription id> --name <diagnostic settings name> --location <location> <[- -event-hub <event hub ID> --event-hub-auth-rule <event hub auth rule ID>] [-- storage-account <storage account ID>] [--workspace <log analytics workspace ID>] --logs ""[{category:Security,enabled:true},{category:Administrative,enabled:true},{ca tegory:Alert,enabled:true},{category:Policy,enabled:true}]""","1","0","1","logs[*].category","Administrative;Security;Alert;Policy","custom"
"6.1.1.4","management-and-governance-services","Ensure that logging for Azure Key Vault is 'Enabled'","Level 1","Enable AuditEvent logging for key vault instances to ensure interactions with key vaults are logged and available.","Monitoring how and when key vaults are accessed, and by whom, enables an audit trail of interactions with confidential information, keys, and certificates managed by Azure Key Vault. Enabling logging for Key Vault saves information in a user provided destination of either an Azure storage account or Log Analytics workspace. The same destination can be used for collecting logs for multiple Key Vaults.","-","az keyvault list","az monitor diagnostic-settings update --name ""<diagnostic_setting_name>"" -- resource <key_vault_id>","1","0","1","logs[0].enabled","true","custom"
"6.1.2.1","management-and-governance-services","Ensure that Activity Log Alert exists for Create Policy Assignment","Level 1","Create an activity log alert for the Create Policy Assignment event.","Monitoring for create policy assignment events gives insight into changes done in ""Azure policy - assignments"" and can reduce the time it takes to detect unsolicited changes.  HINT: Look for Microsoft.Authorization/policyAssignments/write in the output. If it's missing, generate a finding. If the output is empty, an alert rule for Create Policy Assignments is not configured.","-","az monitor activity-log alert list --subscription <subscription ID> --query ""[].{Name:name,Enabled:enabled,Condition:condition.allOf,Actions:actions}""","az monitor activity-log alert create --resource-group ""<resource group name>"" --condition “category=Administrative and operationName=Microsoft.Authorization/policyAssignments/write” --scope ""/subscriptions/<subscription ID>"" --name ""<activity log rule name>"" -- subscription <subscription ID> --action-group <action group ID>","1","0","1","condition.allOf[*].equals","Microsoft.Authorization/policyAssignments/write","eq"
"6.1.2.2","management-and-governance-services","Ensure that Activity Log Alert exists for Delete Policy Assignment","Level 1","Create an activity log alert for the Delete Policy Assignment event.","Monitoring for delete policy assignment events gives insight into changes done in ""azure policy - assignments"" and can reduce the time it takes to detect unsolicited changes. HINT: Look for Microsoft.Authorization/policyAssignments/delete in the output","-","az monitor activity-log alert list --subscription <subscription ID> --query ""[].{Name:name,Enabled:enabled,Condition:condition.allOf,Actions:actions}""","az monitor activity-log alert create --resource-group ""<resource group name>"" --condition category=Administrative and operationName=Microsoft.Authorization/policyAssignments/delete and level=<verbose | information | warning | error | critical> --scope ""/subscriptions/<subscription ID>"" --name ""<activity log rule name>"" -- subscription <subscription id> --action-group <action group ID>","1","0","1","condition.allOf[*].equals","Microsoft.Authorization/policyAssignments/delete","eq"
"6.1.2.3","management-and-governance-services","Ensure that Activity Log Alert exists for Create or Update Network Security Group","Level 1","Create an Activity Log Alert for the Create or Update Network Security Group event.","Monitoring for Create or Update Network Security Group events gives insight into network access changes and may reduce the time it takes to detect suspicious activity. Look for Microsoft.Network/networkSecurityGroups/write in the output","-","az monitor activity-log alert list --subscription <subscription ID> --query ""[].{Name:name,Enabled:enabled,Condition:condition.allOf,Actions:actions}""","az monitor activity-log alert create --resource-group ""<resource group name>"" --condition category=Administrative and operationName=Microsoft.Network/networkSecurityGroups/write and level=verbose --scope ""/subscriptions/<subscription ID>"" --name ""<activity log rule name>"" --subscription <subscription id> --action-group <action group ID>","1","0","1","condition.allOf[*].equals","Microsoft.Network/networkSecurityGroups/write","eq"
"6.1.2.4","management-and-governance-services","Ensure that Activity Log Alert exists for Delete Network Security Group","Level 1","Create an activity log alert for the Delete Network Security Group event","Monitoring for ""Delete Network Security Group"" events gives insight into network access changes and may reduce the time it takes to detect suspicious activity. HINT: Look for Microsoft.Network/networkSecurityGroups/delete in the output","-","az monitor activity-log alert list --subscription <subscription ID> --query ""[].{Name:name,Enabled:enabled,Condition:condition.allOf,Actions:actions}""","az monitor activity-log alert create --resource-group ""<resource group name>"" --condition category=Administrative and operationName=Microsoft.Network/networkSecurityGroups/delete and level=<verbose | information | warning | error | critical> --scope ""/subscriptions/<subscription ID>"" --name ""<activity log rule name>"" -- subscription <subscription id> --action-group <action group ID>","1","0","1","condition.allOf[*].equals","Microsoft.Network/networkSecurityGroups/delete","eq"
"6.1.2.5","management-and-governance-services","Ensure that Activity Log Alert exists for Create or Update Security Solution","Level 1","Create an activity log alert for the Create or Update Security Solution event","Monitoring for Create or Update Security Solution events gives insight into changes to the active security solutions and may reduce the time it takes to detect suspicious activity. HINT: Look for Microsoft.Security/securitySolutions/write in the output","-","az monitor activity-log alert list --subscription <subscription Id> --query ""[].{Name:name,Enabled:enabled,Condition:condition.allOf,Actions:actions}""","az monitor activity-log alert create --resource-group ""<resource group name>"" --condition category=Administrative and operationName=Microsoft.Security/securitySolutions/write and level=<verbose | information | warning | error | critical> --scope ""/subscriptions/<subscription ID>"" --name ""<activity log rule name>"" -- subscription <subscription id> --action-group <action group ID>","1","0","1","condition.allOf[*].equals","Microsoft.Security/securitySolutions/write","eq"
"6.1.2.6","management-and-governance-services","Ensure that Activity Log Alert exists for Delete Security Solution","Level 1","Create an activity log alert for the Delete Security Solution event.","Monitoring for Delete Security Solution events gives insight into changes to the active security solutions and may reduce the time it takes to detect suspicious activity. HINT: Look for Microsoft.Security/securitySolutions/delete in the output","-","az monitor activity-log alert list --subscription <subscription Id> --query ""[].{Name:name,Enabled:enabled,Condition:condition.allOf,Actions:actions}""","az monitor activity-log alert create --resource-group ""<resource group name>"" --condition category=Administrative and operationName=Microsoft.Security/securitySolutions/delete and level=<verbose | information | warning | error | critical> --scope ""/subscriptions/<subscription ID>"" --name ""<activity log rule name>"" -- subscription <subscription id> --action-group <action group ID>","1","0","1","condition.allOf[*].equals","Microsoft.Security/securitySolutions/delete","eq"
"6.1.2.7","management-and-governance-services","Ensure that Activity Log Alert exists for Create or Update SQL Server Firewall Rule","Level 1","Create an activity log alert for the Create or Update SQL Server Firewall Rule event.","Monitoring for Create or Update SQL Server Firewall Rule events gives insight into network access changes and may reduce the time it takes to detect suspicious activity. HINT: Look for Microsoft.Sql/servers/firewallRules/write in the output","There will be a substantial increase in log size if there are a large number of administrative actions on a server.","az monitor activity-log alert list --subscription <subscription Id> --query ""[].{Name:name,Enabled:enabled,Condition:condition.allOf,Actions:actions}""","","1","0","1","condition.allOf[*].equals","Microsoft.Sql/servers/write","eq"
"6.1.2.8","management-and-governance-services","Ensure that Activity Log Alert exists for Delete SQL Server Firewall Rule","Level 1","Create an activity log alert for the ""Delete SQL Server Firewall Rule.""","Monitoring for Delete SQL Server Firewall Rule events gives insight into SQL network access changes and may reduce the time it takes to detect suspicious activity. HINT: Look for Microsoft.Sql/servers/firewallRules/delete in the output","There will be a substantial increase in log size if there are a large number of administrative actions on a server.","az monitor activity-log alert list --subscription <subscription Id> --query ""[].{Name:name,Enabled:enabled,Condition:condition.allOf,Actions:actions}""","az monitor activity-log alert create --resource-group ""<resource group name>"" --condition category=Administrative and operationName=Microsoft.Sql/servers/firewallRules/delete and level=<verbose | information | warning | error | critical> --scope ""/subscriptions/<subscription ID>"" --name ""<activity log rule name>"" -- subscription <subscription id> --action-group <action group ID>","1","0","1","condition.allOf[*].equals","Microsoft.Sql/servers/delete","eq"
"6.1.2.9","management-and-governance-services","Ensure that Activity Log Alert exists for Create or Update Public IP Address rule","Level 1","Create an activity log alert for the Create or Update Public IP Addresses rule.","Monitoring for Create or Update Public IP Address events gives insight into network access changes and may reduce the time it takes to detect suspicious activity. HINT: Look for Microsoft.Network/publicIPAddresses/write in the output","There will be a substantial increase in log size if there are a large number of administrative actions on a server.","az monitor activity-log alert list --subscription <subscription Id> --query ""[].{Name:name,Enabled:enabled,Condition:condition.allOf,Actions:actions}""","az monitor activity-log alert create --resource-group ""<resource group name>"" --condition category=Administrative and operationName=Microsoft.Network/publicIPAddresses/write and level=<verbose | information | warning | error | critical> --scope ""/subscriptions/<subscription ID>"" --name ""<activity log rule name>"" -- subscription <subscription id> --action-group <action group ID>","1","0","1","condition.allOf[*].equals","Microsoft.Network/publicIPAddresses/write","eq"
"6.1.2.10","management-and-governance-services","Ensure that Activity Log Alert exists for Delete Public IP Address rule","Level 1","Create an activity log alert for the Delete Public IP Address rule.","Monitoring for Delete Public IP Address events gives insight into network access changes and may reduce the time it takes to detect suspicious activity. HINT: Look for Microsoft.Network/publicIPAddresses/delete in the output","There will be a substantial increase in log size if there are a large number of administrative actions on a server.","az monitor activity-log alert list --subscription <subscription Id> --query ""[].{Name:name,Enabled:enabled,Condition:condition.allOf,Actions:actions}""","az monitor activity-log alert create --resource-group ""<resource group name>"" --condition category=Administrative and operationName=Microsoft.Network/publicIPAddresses/delete and level=<verbose | information | warning | error | critical> --scope ""/subscriptions/<subscription ID>"" --name ""<activity log rule name>"" -- subscription <subscription id> --action-group <action group ID>","1","0","1","condition.allOf[*].equals","Microsoft.Network/publicIPAddresses/delete","eq"
"6.1.2.11","management-and-governance-services","Ensure that an Activity Log Alert exists for Service Health","Level 1","Create an activity log alert for Service Health","Monitoring for Service Health events provides insight into service issues, planned maintenance, security advisories, and other changes that may affect the Azure services and regions in use. HINT: Ensure an alert exists for ServiceHealth with scopes set to a subscription ID.","There is no charge for creating activity log alert rules","az monitor activity-log alert list --subscription <subscription-id> ///     az monitor activity-log alert show --subscription <subscription-id> -- resource-group <resource-group> --activity-log-alert-name <activity-logalert>","az monitor activity-log alert create --subscription <subscription-id> -- resource-group <resource-group> --name <alert-rule> --condition category=ServiceHealth and properties.incidentType=Incident --scope /subscriptions/<subscription-id> --action-group <action-group>","2","0","1","","Service Health alert attivo con notifica email","custom"
"6.1.3.1","management-and-governance-services","Ensure Application Insights are Configured","Level 2","Application Insights within Azure act as an Application Performance Monitoring solution providing valuable data into how well an application performs and additional information when performing incident response. The types of log data collected include application metrics, telemetry data, and application trace logging data providing organizations with detailed information about application activity and application transactions. Both data sets help organizations adopt a proactive and retroactive means to handle security and performance related metrics within their modern applications.","Configuring Application Insights provides additional data not found elsewhere within Azure as part of a much larger logging and monitoring program within an organization's Information Security practice. The types and contents of these logs will act as both a potential cost saving measure (application performance) and a means to potentially confirm the source of a potential incident (trace logging). Metrics and Telemetry data provide organizations with a proactive approach to cost savings by monitoring an application's performance, while the trace logging data provides necessary details in a reactive incident response scenario by helping organizations identify the potential source of an incident within their application. HINT: Ensure the above command produces output, otherwise Application Insights has not been configured.","Because Application Insights relies on a Log Analytics Workspace, an organization will incur additional expenses when using this service.","az monitor app-insights component show --query ""[].{ID:appId, Name:name, Tenant:tenantId, Location:location, Provisioning_State:provisioningState}""","az monitor app-insights component create --app <app name> --resource-group <resource group name> --location <location> --kind ""web"" --retention-time <INT days to retain logs> --workspace <log analytics workspace ID> -- subscription <subscription ID>","2","0","2","","Application Insights collegato all'app","custom"
"7.1","networking-services","Ensure that RDP access from the Internet is evaluated and restricted","Level 1","Network security groups should be periodically evaluated for port misconfigurations. Where RDP is not explicitly required and narrowly configured for resources attached to a network security group, Internet-level access to Azure resources should be restricted or eliminated.","The potential security problem with using RDP over the Internet is that attackers can use various brute force techniques to gain access to Azure Virtual Machines. Once the attackers gain access, they can use a virtual machine as a launch point for compromising other machines on an Azure Virtual Network or even attack networked devices outside of Azure. HINT: Ensure that no network security group has an inbound security rule that matches the following: ""access"" : ""Allow"" ""destinationPortRange"" : ""3389"", ""*"", or ""<range-including-3389>"" ""direction"" : ""Inbound"" ""protocol"" : ""TCP"" or ""*"" ""sourceAddressPrefix"" : ""0.0.0.0/0"", ""Internet"", or ""*""","-","az network nsg list --query [*].[name,securityRules]","az network nsg rule delete --resource-group <resource-group> --nsg-name <network-security-group> --name <rule>","2","1","2","","Nessuna regola allow RDP (3389) da Internet","custom"
"7.2","networking-services","Ensure that SSH access from the Internet is evaluated and restricted","Level 1","Network security groups should be periodically evaluated for port misconfigurations. Where SSH is not explicitly required and narrowly configured for resources attached to a network security group, Internet-level access to Azure resources should be restricted or eliminated.","The potential security problem with using SSH over the Internet is that attackers can use various brute force techniques to gain access to Azure Virtual Machines. Once the attackers gain access, they can use a virtual machine as a launch point for compromising other machines on the Azure Virtual Network or even attack networked devices outside of Azure. HINT: Ensure that no network security group has an inbound security rule that matches the following: ""access"" : ""Allow"" ""destinationPortRange"" : ""22"", ""*"", or ""<range-including-22>"" ""direction"" : ""Inbound"" ""protocol"" : ""TCP"" or ""*"" ""sourceAddressPrefix"" : ""0.0.0.0/0"", ""Internet"", or ""*""","-","az network nsg list --query [*].[name,securityRules]","az network nsg rule delete --resource-group <resource-group> --nsg-name <network-security-group> --name <rule>","2","1","2","","Nessuna regola allow SSH (22) da Internet","custom"
"7.3","networking-services","Ensure that UDP access from the Internet is evaluated and restricted","Level 1","Network security groups should be periodically evaluated for port misconfigurations. Where UDP is not explicitly required and narrowly configured for resources attached to a network security group, Internet-level access to Azure resources should be restricted or eliminated.","The potential security problem with broadly exposing UDP services over the Internet is that attackers can use DDoS amplification techniques to reflect spoofed UDP traffic from Azure Virtual Machines. The most common types of these attacks exploit exposed DNS, NTP, SSDP, SNMP, CLDAP, and other UDP-based services as amplification sources to disrupt services on other machines within the Azure Virtual Network, or even attack networked devices outside of Azure. HINT: Ensure that no network security group has an inbound security rule that matches the following: ""access"" : ""Allow"" ""destinationPortRange"" : ""53"", ""123"", ""161"", ""389"", ""1900"", ""*"" or ""<rangeincluding-53-123-161-389-1900-or-other-vulnerable-udp-based-services>"" ""direction"" : ""Inbound"" ""protocol"" : ""UDP"" or ""*"" ""sourceAddressPrefix"" : ""0.0.0.0/0"", ""Internet"", or ""*""","-","az network nsg list --query [*].[name,securityRules]","az network nsg rule delete --resource-group <resource-group> --nsg-name <network-security-group> --name <rule>","2","0","2","","Nessuna regola allow UDP da Internet","custom"
"7.4","networking-services","Ensure that HTTP(S) access from the Internet is evaluated and restricted","Level 1","Network security groups should be periodically evaluated for port misconfigurations. Where HTTP(S) is not explicitly required and narrowly configured for resources attached to a network security group, Internet-level access to Azure resources should be restricted or eliminated.","The potential security problem with using HTTP(S) over the Internet is that attackers can use various brute force techniques to gain access to Azure resources. Once the attackers gain access, they can use the resource as a launch point for compromising other resources within the Azure tenant. HINT: Ensure that no network security group has an inbound security rule that matches the following: ""access"" : ""Allow"" ""destinationPortRange"" : ""80"", ""443"", ""*"", or ""<range-including-80-or-443>"" ""direction"" : ""Inbound"" ""protocol"" : ""TCP"" or ""*"" ""sourceAddressPrefix"" : ""0.0.0.0/0"", ""Internet"", or ""*""","-","az network nsg list --query [*].[name,securityRules]","az network nsg rule delete --resource-group <resource-group> --nsg-name <network-security-group> --name <rule>","2","0","2","","Accesso HTTP/S documentato o protetto da WAF","custom"
"7.6","networking-services","Ensure that Network Watcher is 'Enabled' for Azure Regions that are in use","Level 2","Enable Network Watcher for physical regions in Azure subscriptions","Network diagnostic and visualization tools available with Network Watcher help users understand, diagnose, and gain insights to the network in Azure. HINT: . Ensure provisioningState is Succeeded for each network watcher.","There are additional costs per transaction to run and store network data. For highvolume networks these charges will add up quickly.","az network watcher list --query ""[].{Location:location,State:provisioningState}"" -o table","az network watcher configure --locations <region> --enabled true --resourcegroup <resource_group>","2","0","2","provisioningState","Succeeded","eq"
"7.10","networking-services","Ensure Azure Web Application Firewall (WAF) is enabled on Azure Application Gateway","Level 2","Azure Web Application Firewall helps protect applications from common exploits and attacks by inspecting and filtering incoming traffic.","Using Azure Web Application Firewall with Azure Application Gateway reduces exposure to external threats by mitigating attacks on public facing applications.","The WAF V2 tier for Azure Application Gateways costs more than the Basic and Standard V2 tiers. Pricing includes a fixed hourly charge plus a charge per capacityunit hour. Refer to https://azure.microsoft.com/en-gb/pricing/details/application-gateway/ for details.","az network application-gateway list // az network application-gateway show --resource-group <resource-group> --name <application-gateway> --query firewallPolicy.id Ensure a firewall policy id is returned.","-","2","1","2","webApplicationFirewallPolicy","","notempty"
"7.11","networking-services","Ensure subnets are associated with network security groups","Level 1","Protect subnet resources by ensuring subnets are associated with network security groups, which can filter inbound and outbound traffic using security rules.","Unprotected subnets can expose resources to unauthorized access. HINT: Ensure a network security group id is returned.","Minor administrative effort is required to ensure subnets are associated with network security groups. There is no cost to create or use network security groups.","az network vnet list // az network vnet show --resource-group <resource-group> --name <virtualnetwork> --query subnets // az network vnet subnet show --resource-group <resource-group> --vnet-name <virtual-network> --name <subnet> --query networkSecurityGroup.id","az network vnet subnet update --resource-group <resource-group> --vnet-name <virtual-network> --name <subnet> --network-security-group <network-securitygroup>","2","0","2","networkSecurityGroup.id","","notempty"
"7.12","networking-services","Ensure the SSL policy's 'Min protocol version' is set to 'TLSv1_2' or higher on Azure Application Gateway","Level 1","The TLS (Transport Layer Security) protocol secures the transmission of data over the internet using standard encryption technology. Application gateways use TLS 1.2 for the Min protocol version by default and allow for the use of TLS versions 1.0, 1.1, and 1.3. NIST strongly suggests the use of TLS 1.2 and recommends the adoption of TLS 1.3.","TLS 1.0 and 1.1 are outdated and vulnerable to security risks. Since TLS 1.2 and TLS 1.3 provide enhanced security and improved performance, it is highly recommended to use TLS 1.2 or higher whenever possible. HINT: Ensure ""TLSv1_2"" or higher is returned","Using the latest TLS version may affect compatibility with clients and backend services","az network application-gateway list  // az network application-gateway ssl-policy show --resource-group <resourcegroup> --gateway-name <application-gateway> // az network application-gateway ssl-policy predefined show --name <ssl-policy> --query minProtocolVersion","az network application-gateway ssl-policy list-options  // az network application-gateway ssl-policy predefined list // az network application-gateway ssl-policy set --resource-group <resourcegroup> --gateway-name <application-gateway> --name <ssl-policy> --policy-type Predefined","1","0","1","sslPolicy.minProtocolVersion","TLSv1_2","eq"
"7.13","networking-services","Ensure 'HTTP2' is set to 'Enabled' on Azure Application Gateway","Level 1","Enable HTTP/2 for improved performance, efficiency, and security. HTTP/2 protocol support is available to clients that connect to application gateway listeners only. Communication with backend server pools is always HTTP/1.1","Enabling HTTP/2 supports use of modern encrypted connections. HINT: Ensure true is returned","Clients and backend services that do not support HTTP/2 will fall back to HTTP/1.1.","az network application-gateway list // az network application-gateway show --resource-group <resource-group> --name <application-gateway> --query enableHttp2","az network application-gateway update --resource-group <resource-group> -- name <application-gateway> --http2 Enabled","1","0","1","http2Enabled","true","eq"
"7.14","networking-services","Ensure request body inspection is enabled in Azure Web Application Firewall policy on Azure Application Gateway","Level 2","Enable request body inspection so that the Web Application Firewall evaluates the contents of HTTP message bodies for potential threats.","Enabling request body inspection strengthens security by allowing the Web Application Firewall to detect common attacks, such as SQL injection and cross-site scripting. HINT: Ensure true is returned","Minor performance impact on the Web Application Firewall. Additional effort may be required to monitor findings.","az network application-gateway list // az network application-gateway show --resource-group <resource-group> --name <application-gateway> --query firewallPolicy.id // az network application-gateway waf-policy show --ids <firewall-policy> -- query policySettings.requestBodyCheck","az network application-gateway waf-policy update --ids <firewall-policy> -- policy-settings request-body-check=true","1","0","1","policySettings.requestBodyCheck","true","eq"
"7.15","networking-services","Ensure bot protection is enabled in Azure Web Application Firewall policy on Azure Application Gateway","Level 2","Enable bot protection on the Web Application Firewall to block or log requests from known malicious IP addresses identified through the Microsoft Threat Intelligence feed.","Internet traffic from bots can scrape, scan, and search for application vulnerabilities. Enabling bot protection stops requests from known malicious IP addresses and enhances the overall security of your application by reducing exposure to automated attacks. HINT: Ensure a managed rule set with ruleSetType of Microsoft_BotManagerRuleSet is returned, and that no ruleGroupOverrides for ruleGroupName KnownBadBots with state Disabled are returned.","May require monitoring to identify false positives.","az network application-gateway list // az network application-gateway show --resource-group <resource-group> --name <application-gateway> --query firewallPolicy.id // az network application-gateway waf-policy show --ids <firewall-policy> -- query managedRules.managedRuleSets","az network application-gateway waf-policy managed-rule rule-set add -- resource-group <resource-group> --policy-name <firewall-policy> --type Microsoft_BotManagerRuleSet --version <0.1|1.0|1.1>","1","0","1","managedRules.managedRuleSets[*].ruleSetType","Microsoft_BotManagerRuleSet","custom"
"8.1.1.1","security-services","Ensure Microsoft Defender CSPM is set to 'On'","Level 2","Enable Microsoft Defender CSPM to continuously assess cloud resources for security misconfigurations, compliance risks, and exposure to threats.","Microsoft Defender CSPM provides detailed visibility into the security state of assets and workloads and offers hardening guidance to help improve security posture. HINT: Ensure ""Standard"" is returned.","Enabling Microsoft Defender CSPM incurs hourly charges for each billable compute, database, and storage resource. This can lead to significant costs in larger environments. Careful planning and cost analysis are recommended before enabling the service. Refer to https://azure.microsoft.com/en-us/pricing/details/defender-forcloud/#pricing for pricing information.","az security pricing show --name CloudPosture --query pricingTier","az security pricing create --name CloudPosture --tier Standard --extensions name=ApiPosture isEnabled=true","1","0","1","pricingTier","Standard","eq"
"8.1.2.1","security-services","Ensure Microsoft Defender for APIs is set to 'On'","Level 2","Microsoft Defender for APIs offers full lifecycle protection, detection, and response coverage for APIs. While an automated assessment procedure exists for this recommendation, the assessment status remains manual. Due to its potentially high cost, Microsoft Defender for APIs may not be suitable for all environments and should be evaluated carefully before implementation.","Microsoft Defender for APIs helps provide visibility into business-critical APIs, assess and improve their security posture, prioritize vulnerability remediation, and detect threats in real time. HINT: Ensure ""Standard"" is returned. // Valid subplan values: P1, P2, P3, P4, and P5","Microsoft Defender for APIs uses a tiered pricing model, billed per subscription per hour, with each tier allowing a set limit of API calls. In high-traffic environments, this may result in significant or prohibitive costs. Careful evaluation of API usage patterns and pricing tiers is essential before enabling the service. Refer to https://azure.microsoft.com/en-us/pricing/details/defender-for-cloud/#pricing for pricing information.","az security pricing show --name Api --query pricingTier","az security pricing create --name Api --tier Standard --subplan <subplan>","1","0","1","pricingTier","Standard","eq"
"8.1.3.1","security-services","Ensure that Defender for Servers is set to 'On'","Level 2","The Defender for Servers plan in Microsoft Defender for Cloud reduces security risk by providing actionable recommendations to improve and remediate machine security posture. Defender for Servers also helps to protect machines against real-time security threats and attacks.","Enabling Defender for Servers allows for greater defense-in-depth, with threat detection provided by the Microsoft Security Response Center (MSRC). HINT: If the tenant is licensed and enabled, the output will indicate Standard.","Enabling Defender for Servers in Microsoft Defender for Cloud incurs an additional cost per resource. Refer to https://azure.microsoft.com/en-us/pricing/details/defender-forcloud/ and https://azure.microsoft.com/en-us/pricing/calculator/ to estimate potential costs. • Plan 1: Subscription only • Plan 2: Subscription and workspace","az security pricing show -n VirtualMachines --query pricingTier","az security pricing create -n VirtualMachines --tier 'standard'","2","0","1","pricingTier","Standard","eq"
"8.1.4.1","security-services","Ensure That Microsoft Defender for Containers Is Set To 'On'","Level 2","Microsoft Defender for Containers helps improve, monitor, and maintain the security of containerized assets—including Kubernetes clusters, nodes, workloads, container registries, and images—across multi-cloud and on-premises environments. By default, when enabling the plan through the Azure Portal, Microsoft Defender for Containers automatically configures the following components: • Agentless scanning for machines • Defender sensor for runtime protection • Azure Policy for enforcing security best practices • K8S API access for monitoring and threat detection • Registry access for vulnerability assessment","Enabling Microsoft Defender for Containers enhances defense-in-depth by providing advanced threat detection, vulnerability assessment, and security monitoring for containerized environments, leveraging insights from the Microsoft Security Response Center (MSRC). HINT: Ensure that the command returns Standard","Microsoft Defender for Containers incurs a charge per vCore. Refer to https://azure.microsoft.com/en-us/pricing/details/defender-for-cloud/ and https://azure.microsoft.com/en-us/pricing/calculator/ to estimate potential costs.","az security pricing show --name ""ContainerRegistry"" --query pricingTier","az security pricing create -n 'Containers' --tier 'standard' --extensions name=ContainerRegistriesVulnerabilityAssessments isEnabled=True --extensions name=AgentlessDiscoveryForKubernetes isEnabled=True --extensions name=AgentlessVmScanning isEnabled=True --extensions name=ContainerSensor isEnabled=True","1","0","1","pricingTier","Standard","eq"
"8.1.5.1","security-services","Ensure That Microsoft Defender for Storage Is Set To 'On'","Level 2","Turning on Microsoft Defender for Storage enables threat detection for Storage, providing threat intelligence, anomaly detection, and behavior analytics in the Microsoft Defender for Cloud.","Enabling Microsoft Defender for Storage allows for greater defense-in-depth, with threat detection provided by the Microsoft Security Response Center (MSRC). HINT: Ensure output for Name PricingTier is StorageAccounts Standard","Turning on Microsoft Defender for Storage incurs an additional cost per resource.","az security pricing show -n StorageAccounts","az security pricing create -n StorageAccounts --tier 'standard'","1","0","1","pricingTier","Standard","eq"
"8.1.6.1","security-services","Ensure That Microsoft Defender for App Services Is Set To 'On'","Level 2","Turning on Microsoft Defender for App Service enables threat detection for App Service, providing threat intelligence, anomaly detection, and behavior analytics in the Microsoft Defender for Cloud.","Enabling Microsoft Defender for App Service allows for greater defense-in-depth, with threat detection provided by the Microsoft Security Response Center (MSRC). HINT: Ensure -PricingTier is set to Standard","Turning on Microsoft Defender for App Service incurs an additional cost per resource","az security pricing show -n AppServices","az security pricing create -n Appservices --tier 'standard'","1","0","1","pricingTier","Standard","eq"
"8.1.7.1","security-services","Ensure That Microsoft Defender for Azure Cosmos DB Is Set To 'On'","Level 2","Microsoft Defender for Azure Cosmos DB scans all incoming network requests for threats to your Azure Cosmos DB resources.","In scanning Azure Cosmos DB requests within a subscription, requests are compared to a heuristic list of potential security threats. These threats could be a result of a security breach within your services, thus scanning for them could prevent a potential security threat from being introduced. HINT: Ensure output of -PricingTier is Standard","Enabling Microsoft Defender for Azure Cosmos DB requires enabling Microsoft Defender for your subscription. Both will incur additional charges.","az security pricing show -n CosmosDbs --query pricingTier","az security pricing create -n 'CosmosDbs' --tier 'standard'","1","0","1","pricingTier","Standard","eq"
"8.1.7.2","security-services","Ensure That Microsoft Defender for Open-Source Relational Databases Is Set To 'On'","Level 2","Turning on Microsoft Defender for Open-source relational databases enables threat detection for Open-source relational databases, providing threat intelligence, anomaly detection, and behavior analytics in the Microsoft Defender for Cloud.","Enabling Microsoft Defender for Open-source relational databases allows for greater defense-in-depth, with threat detection provided by the Microsoft Security Response Center (MSRC). HINT: Ensure output for Name PricingTier is OpenSourceRelationalDatabases Standard","Turning on Microsoft Defender for Open-source relational databases incurs an additional cost per resource.","az security pricing show -n OpenSourceRelationalDatabases --query pricingTier","az security pricing create -n 'OpenSourceRelationalDatabases' --tier 'standard'","1","0","1","pricingTier","Standard","eq"
"8.1.7.3","security-services","Ensure That Microsoft Defender for (Managed Instance) Azure SQL Databases Is Set To 'On'","Level 2","Turning on Microsoft Defender for Azure SQL Databases enables threat detection for Managed Instance Azure SQL databases, providing threat intelligence, anomaly detection, and behavior analytics in Microsoft Defender for Cloud.","Enabling Microsoft Defender for Azure SQL Databases allows for greater defense-indepth, includes functionality for discovering and classifying sensitive data, surfacing and mitigating potential database vulnerabilities, and detecting anomalous activities that could indicate a threat to your database. HINT: Ensure -PricingTier is set to Standard","Turning on Microsoft Defender for Azure SQL Databases incurs an additional cost per resource.","az security pricing show -n SqlServers","az security pricing create -n SqlServers --tier 'standard'","1","0","1","pricingTier","Standard","eq"
"8.1.7.4","security-services","Ensure That Microsoft Defender for SQL Servers on Machines Is Set To 'On'","Level 2","Turning on Microsoft Defender for SQL servers on machines enables threat detection for SQL servers on machines, providing threat intelligence, anomaly detection, and behavior analytics in Microsoft Defender for Cloud.","Enabling Microsoft Defender for SQL servers on machines allows for greater defensein-depth, functionality for discovering and classifying sensitive data, surfacing and mitigating potential database vulnerabilities, and detecting anomalous activities that could indicate a threat to your database. HINT: Ensure the 'PricingTier' is set to 'Standard'","Turning on Microsoft Defender for SQL servers on machines incurs an additional cost per resource.","az security pricing show -n SqlServerVirtualMachines","az security pricing create -n SqlServerVirtualMachines --tier 'standard'","1","0","1","pricingTier","Standard","eq"
"8.1.8.1","security-services","Ensure That Microsoft Defender for Key Vault Is Set To 'On'","Level 2","Turning on Microsoft Defender for Key Vault enables threat detection for Key Vault, providing threat intelligence, anomaly detection, and behavior analytics in the Microsoft Defender for Cloud.","Enabling Microsoft Defender for Key Vault allows for greater defense-in-depth, with threat detection provided by the Microsoft Security Response Center (MSRC). HINT: Ensure output for PricingTier is Standard","Turning on Microsoft Defender for Key Vault incurs an additional cost per resource.","az security pricing show -n 'KeyVaults' --query 'pricingTier'","az security pricing create -n 'KeyVaults' --tier 'Standard'","1","0","1","pricingTier","Standard","eq"
"8.1.9.1","security-services","Ensure That Microsoft Defender for Resource Manager Is Set To 'On'","Level 2","Microsoft Defender for Resource Manager scans incoming administrative requests to change your infrastructure from both CLI and the Azure portal.","Scanning resource requests lets you be alerted every time there is suspicious activity in order to prevent a security threat from being introduced. HINT: Ensure the output of PricingTier is Standard","Enabling Microsoft Defender for Resource Manager requires enabling Microsoft Defender for your subscription. Both will incur additional charges.","az security pricing show -n 'Arm' --query 'pricingTier'","az security pricing create -n 'Arm' --tier 'Standard'","1","0","1","pricingTier","Standard","eq"
"8.5","security-services","Ensure Azure DDoS Network Protection is enabled on virtual networks","Level 2","Azure DDoS Network Protection defends resources in virtual networks against distributed denial-of-service (DDoS) attacks. While an automated assessment procedure exists for this recommendation, the assessment status remains manual. Determining the appropriateness of enabling Azure DDoS Network Protection depends on the context and requirements of each organization and environment.","Virtual networks and resources are protected against attacks, helping to ensure reliability and availability for critical workloads. HINT: Ensure true is returned.","Azure DDoS Network Protection incurs a significant fixed monthly charge, with additional charges if more than 100 public IP resources are protected. Careful consideration and analysis should be applied before enabling DDoS protection. Refer to https://azure.microsoft.com/en-us/pricing/details/ddos-protection for detailed pricing information.","az network vnet list // az network vnet show --resource-group <resource-group> --name <virtualnetwork> --query enableDdosProtection","az network vnet update --resource-group <resource-group> --name <virtualnetwork> --ddos-protection true --ddos-protection-plan <ddos-protection-plan>","2","0","2","ddosProtectionPlan.id","","notempty"
"20.1","virtual-machines","Ensure Virtual Machines are utilizing Managed Disks","Level 1","Migrate blob-based VHDs to Managed Disks on Virtual Machines to exploit the default features of this configuration. The features include: 1. Default Disk Encryption 2. Resilience, as Microsoft will managed the disk storage and move around if underlying hardware goes faulty 3. Reduction of costs over storage accounts","Managed disks are by default encrypted on the underlying hardware, so no additional encryption is required for basic protection. It is available if additional encryption is required. Managed disks are by design more resilient that storage accounts. For ARM-deployed Virtual Machines, Azure Adviser will at some point recommend moving VHDs to managed disks both from a security and cost management perspective. HINT: If the 'ManagedDisk Id' field is empty the os disk for that vm is not managed.","There are additional costs for managed disks based off of disk space allocated. When converting to managed disks, VMs will be powered off and back on.","Get-AzVM | ForEach-Object {""Name: "" + $_.Name;""ManagedDisk Id: "" + $_.StorageProfile.OsDisk.ManagedDisk.Id;""""}","Stop-AzVM -ResourceGroupName $rgName -Name $vmName -Force ConvertTo-AzVMManagedDisk -ResourceGroupName $rgName -VMName $vmName Start-AzVM -ResourceGroupName $rgName -Name $vmName","2","2","3","storageProfile.osDisk.managedDisk.id","","notempty"
"20.2","virtual-machines","Ensure that 'OS and Data' disks are encrypted with Customer Managed Key (CMK)","Level 2","Ensure that OS disks (boot volumes) and data disks (non-boot volumes) are encrypted with CMK (Customer Managed Keys). Customer Managed keys can be either ADE or Server Side Encryption (SSE).","Encrypting the IaaS VM's OS disk (boot volume) and Data disks (non-boot volume) ensures that the entire content is fully unrecoverable without a key, thus protecting the volume from unwanted reads. PMK (Platform Managed Keys) are enabled by default in Azure-managed disks and allow encryption at rest. CMK is recommended because it gives the customer the option to control which specific keys are used for the encryption and decryption of the disk. The customer can then change keys and increase security by disabling them instead of relying on the PMK key that remains unchanging. There is also the option to increase security further by using automatically rotating keys so that access to disk is ensured to be limited. Organizations should evaluate what their security requirements are, however, for the data stored on the disk. For high-risk data using CMK is a must, as it provides extra steps of security. If the data is low risk, PMK is enabled by default and provides sufficient data security.","Using CMK/BYOK will entail additional management of keys.","$ResourceGroupName=""yourResourceGroupName"" $DiskName=""yourDiskName"" $disk=Get-AzDisk -ResourceGroupName $ResourceGroupName -DiskName $DiskName $disk.Encryption.Type","$KVRGname = 'MyKeyVaultResourceGroup'; $VMRGName = 'MyVirtualMachineResourceGroup'; $vmName = 'MySecureVM'; $KeyVaultName = 'MySecureVault'; $KeyVault = Get-AzKeyVault -VaultName $KeyVaultName -ResourceGroupName $KVRGname; $diskEncryptionKeyVaultUrl = $KeyVault.VaultUri; $KeyVaultResourceId = $KeyVault.ResourceId; Set-AzVMDiskEncryptionExtension -ResourceGroupName $VMRGname -VMName $vmName -DiskEncryptionKeyVaultUrl $diskEncryptionKeyVaultUrl - DiskEncryptionKeyVaultId $KeyVaultResourceId;","2","1","2","encryption.type","EncryptionAtRestWithCustomerKey","eq"
"20.3","virtual-machines","Ensure that 'Unattached disks' are encrypted with 'Customer Managed Key' (CMK)","Level 2","Ensure that unattached disks in a subscription are encrypted with a Customer Managed Key (CMK).","Managed disks are encrypted by default with Platform-managed keys. Using Customermanaged keys may provide an additional level of security or meet an organization's regulatory requirements. Encrypting managed disks ensures that its entire content is fully unrecoverable without a key and thus protects the volume from unwarranted reads. Even if the disk is not attached to any of the VMs, there is always a risk where a compromised user account with administrative access to VM service can mount/attach these data disks, which may lead to sensitive information disclosure and tampering.","NOTE: You must have your key vault set up to utilize this. Encryption is available only on Standard tier VMs. This might cost you more. Utilizing and maintaining Customer-managed keys will require additional work to create, protect, and rotate keys.","az disk list --query '[? diskstate == `Unattached`].{encryptionSettings: encryptionSettings, name: name}' -o json","# 1. Recupera tutti i dischi non collegati $unattachedDisks = Get-AzDisk | Where-Object { $_.ManagedBy -eq $null }  # 2. Eliminali tutti (chiedendo conferma per sicurezza) $unattachedDisks | Remove-AzDisk -Force","2","0","2","encryption.type","EncryptionAtRestWithCustomerKey","eq"
"20.4","virtual-machines","Ensure that 'Disk Network Access' is NOT set to 'Enable public access from all networks'","Level 1","Virtual Machine Disks and snapshots can be configured to allow access from different network resources.","The setting 'Enable public access from all networks' is, in many cases, an overly permissive setting on Virtual Machine Disks that presents atypical attack, data infiltration, and data exfiltration vectors. If a disk to network connection is required, the preferred setting is to 'Disable public access and enable private access.' HINT: Ensure the publicNetworkAccess setting is set to Disabled and the networkAccessPolicy setting is set to AllowPrivate or DenyAll.","The setting 'Disable public access and enable private access' will require configuring a private link (URL in references below). The setting 'Disable public and private access' is most secure and preferred where disk network access is not needed.","az disk show --disk-name ‘<disk name>’ --resource-group ‘<resource group name>’","az disk update --name <managed disk name> --resource-group <resource group name> --network-access-policy AllowPrivate --disk-access <disk access ID>","1","0","1","networkAccessPolicy","AllowPrivate | DenyAll","custom"
"20.10","virtual-machines","Ensure Trusted Launch is enabled on Virtual Machines","Level 1","When Secure Boot and vTPM are enabled together, they provide a strong foundation for protecting your VM from boot attacks. For example, if an attacker attempts to replace the bootloader with a malicious version, Secure Boot will prevent the VM from booting. If the attacker is able to bypass Secure Boot and install a malicious bootloader, vTPM can be used to detect the intrusion and alert you.","Secure Boot and vTPM work together to protect your VM from a variety of boot attacks, including bootkits, rootkits, and firmware rootkits. Not enabling Trusted Launch in Azure VM can lead to increased vulnerability to rootkits and boot-level malware, reduced ability to detect and prevent unauthorized changes to the boot process, and a potential compromise of system integrity and data security. HINT: For each VM, ensure that securityType is set to TrustedLaunch, uefiSettings.secureBootEnabled is set to true, and uefiSettings.vTpmEnabled is set to true.","Secure Boot and vTPM are not currently supported for Azure Generation 1 Vms.","az vm list --query [*].[name,securityProfile]","az vm deallocate --resource-group <resource-group> --name <vm> // az vm update --resource-group <resource-group> --name <vm> --enable-secureboot true --enable-vtpm true --security-type TrustedLaunch // az vm start --resource-group <resource-group> --name <vm>","3","2","3","securityProfile.securityType","TrustedLaunch","eq"
"20.11","virtual-machines","Ensure that encryption at host is enabled","Level 1","Encryption at host enhances Azure Disk Storage Server-Side Encryption to ensure that all temporary disks and disk caches are encrypted at rest and flow encrypted to the storage clusters.","Encryption at host provides an additional layer of security to protect sensitive information. HINT: For each VM, ensure that encryptionAtHost is set to true.","• Virtual machines must be deallocated for encryption at host to be enabled. • Encryption at host does not use virtual machine CPU, and does not impact virtual machine performance. • Encryption at host cannot be enabled on virtual machines that have ever had Azure Disk Encryption enabled.","az vm list --query [*].[name,securityProfile]","az vm deallocate --resource-group <resource-group> --name <vm> // az vm update --resource-group <resource-group> --name <vm> --set securityProfile.encryptionAtHost=true // az vm start --resource-group <resource-group> --name <vm>","2","2","2","securityProfile.encryptionAtHost","true","eq"
